id;serv_id;label;types;technologies;entity_type;erron_calls;calls;latency;date
1;football;yahoo;bank sleek;frantically establishment;chide suspiciously far;grin zowie yowza;phew crystallize zowie;crossly er chest;2024-03-19T11:08:29
2;by whenever;yahoo;instead gosh strictly;monumental;macrame bluster councilor;firewall;metronome;or edible;2024-03-19T13:05:10
3;frantically;sweet qua;reasonable yet;loudly;menorah pleasing;that midnight hungrily;helpless yippee relief;digitize;2024-03-20T05:15:10
4;common;bump voluminous;huge er crumple;jagged quintessential;king bah colorfully;meh;blah like stepdaughter;psst;2024-03-19T23:27:45
5;agreeable apropos;pristine far;atop where pertain;inspection creative;talkative detect;brr;mockingly ouch;knuckle exotic urgently;2024-03-19T14:14:18
6;forewarn;bashfully;equally;when sorrowful;reassign once;over massage incubation;meh phooey anatomy;motionless pfft slum;2024-03-20T02:02:54
7;before;delicious;versus frankly;among orange;bud;gripe;gee ugh violate;eject times yippee;2024-03-19T19:39:47
8;boldly landform;droopy;minus distinct;throng;without;feline;vineyard yum;cautious trustworthy;2024-03-19T16:09:25
9;generously upon;memorable supposing intend;smudge;after;gunpowder along nor;ouch;fooey zowie;breach but;2024-03-20T02:26:09
10;at shape;supposing;upchange gee occasional;onto;remarkable;anti;now politely once;vapid reprimand farrow;2024-03-19T20:38:11
