id;website;website_id;cls;page_views;page_loads;on_load_time;date
1;mortified gah since;unethically;reassuringly adventurously cupcake;burdensome provided however;jangle;firsthand;2024-03-12T02:21:07
2;during extension unfortunate;blah weatherise;upliftingly aluminum disincentivize;stickybeak quarterly whose;opposite throughout;even mining pot;2024-03-12T09:47:08
3;lazily bucketful recognize;daintily;peek;ecstatic;blow;spoon separately;2024-03-11T17:53:47
4;aha;duh;dizzy;into um deceivingly;poll vice toward;batch;2024-03-12T02:22:45
5;toward elegantly;however;distend so;consequently next tube;insomnia;distinguish merrily;2024-03-12T12:08:04
6;anti accuse giggle;beautifully winter whoa;for;perfectly excluding;where tan cultured;ease;2024-03-12T01:56:56
7;than whether;home scrawny;mission beloved;engross nor enthusiastically;provided;these verbally;2024-03-12T04:09:50
8;pain suffocate jovially;wheeze;evoke showy only;and impeccable;gregarious ha beyond;athwart boatload pledge;2024-03-12T05:53:34
9;eek broadly starch;woot after;bashfully vice surprisingly;where commonly;needily;why;2024-03-11T14:34:00
10;aw why;frightened;sans ick;duckie ravish;complete;anti;2024-03-11T21:48:40
